{
    "position": [
        -0.035051956118682635,
        -0.044704026603101785,
        0.06215262604968813
    ],
    "orientation": [
        -0.12733634215435527,
        0.04507467680411196,
        -0.06509542294634636,
        0.9886942476767984
    ],
    "rpy": [
        [
            -0.2613061251984283,
            0.07261592258977623,
            -0.1410357753677042
        ]
    ]
}