{
    "position": [
        -0.02395242041393903,
        -0.07401730996582405,
        0.038649708116638676
    ],
    "orientation": [
        -0.16875120937961782,
        0.012832668270437986,
        -0.0024740237699643125,
        0.985572032458492
    ],
    "rpy": [
        [
            -0.3392670507399643,
            0.024462488598845145,
            -0.009210599777453756
        ]
    ]
}